"Position","Player","Years Played","Years Played (From-To)","School"
"DT","Jonathan Allen",9,"2017-2025","Alabama"
"CB","Trey Amos",1,"2025-2025","Alabama"
"OLB","Ryan Anderson",5,"2017-2022","Alabama"
"LB","Will Anderson",3,"2023-2025","Alabama"
"DB","Jalyn Armour-Davis",4,"2022-2025","Alabama"
"DB","Terrion Arnold",2,"2024-2025","Alabama"
"CB","Anthony Averett",5,"2018-2022","Alabama"
"WR","Javon Baker",1,"2024-2024","Alabama"
"DL","Christian Barmore",5,"2021-2025","Alabama"
"OLB","Mark Barron",8,"2012-2019","Alabama"
"DB","Jordan Battle",3,"2023-2025","Alabama"
"WR","Isaiah Bond",1,"2025-2025","Alabama"
"OL","Tyler Booker",1,"2025-2025","Alabama"
"C","Bradley Bozeman",8,"2018-2025","Alabama"
"DB","Brian Branch",3,"2023-2025","Alabama"
"LB","Chris Braswell",2,"2024-2025","Alabama"
"WR","Ja'Corey Brooks",1,"2025-2025","Alabama"
"OL","Deonte Brown",1,"2021-2021","Alabama"
"CB","Tony Brown",6,"2018-2024","Alabama"
"DL","Isaiah Buggs",5,"2019-2023","Alabama"
"WR","Jermaine Burton",1,"2024-2024","Alabama"
"LB","Jihaad Campbell",1,"2025-2025","Alabama"
"LG","James Carpenter",11,"2011-2021","Alabama"
"DB","Shyheim Carter",1,"2023-2023","Alabama"
"DT","Josh Chapman",2,"2013-2014","Alabama"
"FS","Ha Ha Clinton-Dix",7,"2014-2021","Alabama"
"OL","Javion Cohen",1,"2024-2024","Alabama"
"SS","Landon Collins",8,"2015-2022","Alabama"
"WR","Amari Cooper",10,"2015-2024","Alabama"
"G","Lester Cotton",5,"2019-2024","Alabama"
"DT","Marcell Dareus",9,"2011-2019","Alabama"
"DL","Raekwon Davis",5,"2020-2024","Alabama"
"DE","Quinton Dial",5,"2013-2017","Alabama"
"OL","Landon Dickerson",5,"2021-2025","Alabama"
"WR","Gehrig Dieter",3,"2018-2020","Alabama"
"CB","Trevon Diggs",6,"2020-2025","Alabama"
"RB","Kenyan Drake",8,"2016-2023","Alabama"
"DL","Justin Eboigbe",2,"2024-2025","Alabama"
"ILB","Rashaan Evans",7,"2018-2024","Alabama"
"FS","Minkah Fitzpatrick",8,"2018-2025","Alabama"
"OT","D.J. Fluker",8,"2013-2020","Alabama"
"RB","Jerome Ford",4,"2022-2025","Alabama"
"TE","Miller Forristall",2,"2021-2022","Alabama"
"ILB","Reuben Foster",2,"2017-2018","Alabama"
"WR","Robert Foster",3,"2018-2020","Alabama"
"FB","Jalston Fowler",3,"2015-2017","Alabama"
"RB","Jahmyr Gibbs",3,"2023-2025","Alabama"
"RB","Derrick Gore",2,"2021-2023","Alabama"
"LB","Shaun Dion Hamilton",3,"2018-2020","Alabama"
"DE","Da'Shawn Hand",8,"2018-2025","Alabama"
"LB","Christian Harris",4,"2022-2025","Alabama"
"RB","Damien Harris",5,"2019-2023","Alabama"
"RB","Najee Harris",5,"2021-2025","Alabama"
"SS","Ronnie Harrison",8,"2018-2025","Alabama"
"C","J.C. Hassenauer",3,"2020-2022","Alabama"
"DB","DeMarcco Hellams",2,"2023-2025","Alabama"
"RB","Derrick Henry",10,"2016-2025","Alabama"
"TE","Hale Hentges",2,"2019-2020","Alabama"
"ILB","Dont'a Hightower",9,"2012-2021","Alabama"
"TE","O.J. Howard",6,"2017-2022","Alabama"
"CB","Marlon Humphrey",9,"2017-2025","Alabama"
"QB","Jalen Hurts",6,"2020-2025","Alabama"
"RB","Mark Ingram",12,"2011-2022","Alabama"
"SS","Eddie Jackson",8,"2017-2024","Alabama"
"RB","Josh Jacobs",7,"2019-2025","Alabama"
"LB","Anfernee Jennings",5,"2020-2025","Alabama"
"WR","Jerry Jeudy",6,"2020-2025","Alabama"
"DB","Josh Jobe",4,"2022-2025","Alabama"
"G","Mike Johnson",2,"2011-2012","Alabama"
"ILB","Nico Johnson",3,"2013-2015","Alabama"
"C","Barrett Jones",2,"2013-2014","Alabama"
"CB","Cyrus Jones",3,"2016-2019","Alabama"
"WR","Julio Jones",13,"2011-2023","Alabama"
"QB","Mac Jones",5,"2021-2025","Alabama"
"LB","Ale Kaho",1,"2025-2025","Alabama"
"RB","Alvin Kamara",9,"2017-2025","Alabama"
"C","Ryan Kelly",10,"2016-2025","Alabama"
"OT","Amari Kight",1,"2025-2025","Alabama"
"CB","Dre Kirkpatrick",10,"2012-2021","Alabama"
"OG","Arie Kouandjio",3,"2015-2017","Alabama"
"OT","Cyrus Kouandjio",5,"2014-2018","Alabama"
"RB","Eddie Lacy",5,"2013-2017","Alabama"
"OL","JC Latham",2,"2024-2025","Alabama"
"TE","Cameron Latu",1,"2025-2025","Alabama"
"OL","Alex Leatherwood",2,"2021-2022","Alabama"
"S","Robert Lester",2,"2013-2014","Alabama"
"LB","Terrell Lewis",3,"2020-2022","Alabama"
"DT","Phidarian Mathis",4,"2022-2025","Alabama"
"DB","Jared Mayden",2,"2020-2021","Alabama"
"LS","Cole Mazza",2,"2019-2020","Alabama"
"QB","A.J. McCarron",7,"2015-2023","Alabama"
"RB","Jase McClellan",1,"2024-2024","Alabama"
"QB","Greg McElroy",1,"2012-2012","Alabama"
"S","Xavier McKinney",6,"2020-2025","Alabama"
"DB","Kool-Aid McKinstry",2,"2024-2025","Alabama"
"WR","John Metchie",3,"2023-2025","Alabama"
"EDGE","Christian Miller",1,"2019-2019","Alabama"
"CB","Dee Milliner",3,"2013-2015","Alabama"
"QB","Jalen Milroe",1,"2025-2025","Alabama"
"SAF","Malachi Moore",1,"2025-2025","Alabama"
"ILB","C.J. Mosley",10,"2014-2024","Alabama"
"OL","Evan Neal",3,"2022-2024","Alabama"
"WR","Kevin Norwood",2,"2014-2015","Alabama"
"TE","Robbie Ouzts",1,"2025-2025","Alabama"
"DE","Jeoffrey Pagan",2,"2014-2015","Alabama"
"DT","Daron Payne",8,"2018-2025","Alabama"
"OL","Ross Pierschbacher",3,"2019-2022","Alabama"
"ILB","Reggie Ragland",6,"2017-2022","Alabama"
"DT","LaBryan Ray",3,"2023-2025","Alabama"
"DT","Jarran Reed",10,"2016-2025","Alabama"
"K","Will Reichard",2,"2024-2025","Alabama"
"RB","Trent Richardson",3,"2012-2014","Alabama"
"DB","Eli Ricks",2,"2023-2024","Alabama"
"WR","Calvin Ridley",7,"2018-2025","Alabama"
"DT","A'Shawn Robinson",10,"2016-2025","Alabama"
"DB","Aaron Robinson",2,"2021-2022","Alabama"
"RB","Brian Robinson Jr.",4,"2022-2025","Alabama"
"OT","Cam Robinson",9,"2017-2025","Alabama"
"RB","Keilan Robinson",1,"2024-2024","Alabama"
"LB","Quandarrius Robinson",1,"2025-2025","Alabama"
"WR","Henry Ruggs III",2,"2020-2021","Alabama"
"LB","Drew Sanders",2,"2023-2024","Alabama"
"RB","Bo Scarbrough",2,"2019-2020","Alabama"
"P","JK Scott",8,"2018-2025","Alabama"
"WR","Tyrell Shavers",2,"2024-2025","Alabama"
"OT","Austin Shepherd",1,"2015-2015","Alabama"
"WR","Cam Sims",5,"2018-2022","Alabama"
"TE","Brad Smelley",2,"2012-2013","Alabama"
"WR","DeVonta Smith",5,"2021-2025","Alabama"
"TE","Irv Smith Jr.",5,"2019-2024","Alabama"
"FS","Maurice Smith",3,"2017-2019","Alabama"
"DB","Saivion Smith",3,"2020-2022","Alabama"
"DE","Damion Square",8,"2013-2021","Alabama"
"OG","Anthony Steen",2,"2016-2017","Alabama"
"OL","Tyler Steen",3,"2023-2025","Alabama"
"WR","ArDarius Stewart",1,"2017-2017","Alabama"
"DE","Ed Stinson",4,"2014-2017","Alabama"
"SS","Vinnie Sunseri",2,"2014-2016","Alabama"
"DB","Patrick Surtain II",5,"2021-2025","Alabama"
"QB","Tua Tagovailoa",6,"2020-2025","Alabama"
"S","Deionte Thompson",4,"2019-2022","Alabama"
"LS","Carson Tinker",8,"2013-2023","Alabama"
"LB","Henry To'oTo'o",3,"2023-2025","Alabama"
"DT","Dalvin Tomlinson",9,"2017-2025","Alabama"
"LB","Dallas Turner",2,"2024-2025","Alabama"
"OLB","Courtney Upshaw",6,"2012-2017","Alabama"
"WR","Jaylen Waddle",5,"2021-2025","Alabama"
"CB","Levi Wallace",7,"2018-2024","Alabama"
"OG","Chance Warmack",6,"2013-2018","Alabama"
"WR","DeAndrew White",3,"2015-2019","Alabama"
"LB","Chavis Williams",1,"2011-2011","Alabama"
"WR","Jameson Williams",4,"2022-2025","Alabama"
"LT","Jonah Williams",6,"2020-2025","Alabama"
"TE","Michael Williams",1,"2015-2015","Alabama"
"DL","Quinnen Williams",7,"2019-2025","Alabama"
"OLB","Tim Williams",3,"2017-2019","Alabama"
"LT","Jedrick Wills Jr.",5,"2020-2024","Alabama"
"OLB","Mack Wilson",7,"2019-2025","Alabama"
"RB","T.J. Yeldon",6,"2015-2020","Alabama"
"QB","Bryce Young",3,"2023-2025","Alabama"
"DL","Byron Young",2,"2023-2025","Alabama"
"WR","Joe Adams",1,"2012-2012","Arkansas"
"DL","McTelvin Agim",3,"2020-2023","Arkansas"
"QB","Brandon Allen",5,"2019-2024","Arkansas"
"OG","Alvin Bailey",4,"2013-2016","Arkansas"
"K","Jake Bates",2,"2024-2025","Arkansas"
"DE","Jake Bequette",2,"2012-2013","Arkansas"
"DB","Montaric Brown",4,"2022-2025","Arkansas"
"WR","Treylon Burks",4,"2022-2025","Arkansas"
"RB","Alex Collins",5,"2016-2021","Arkansas"
"S","Kamren Curl",6,"2020-2025","Arkansas"
"RB","Knile Davis",4,"2013-2016","Arkansas"
"TE","A.J. Derby",3,"2016-2018","Arkansas"
"DE","Trey Flowers",8,"2015-2022","Arkansas"
"LB","Jerry Franklin",3,"2012-2014","Arkansas"
"QB","Feleipe Franks",4,"2021-2025","Arkansas"
"OL","Hjalte Froholdt",6,"2020-2025","Arkansas"
"CB","Gregory Gatson",1,"2012-2012","Arkansas"
"TE","Chris Gragg",3,"2013-2015","Arkansas"
"OLB","Dre Greenlaw",7,"2019-2025","Arkansas"
"LB","Antonio Grier",1,"2024-2024","Arkansas"
"WR","Cobi Hamilton",3,"2014-2017","Arkansas"
"LB","De'Jon Harris",4,"2020-2023","Arkansas"
"WR","Keon Hatcher",1,"2018-2018","Arkansas"
"TE","Hunter Henry",10,"2016-2025","Arkansas"
"WR","Javontee Herndon",1,"2015-2015","Arkansas"
"K","Zach Hocker",1,"2015-2015","Arkansas"
"WR","Cody Hollister",4,"2019-2022","Arkansas"
"DE","Landon Jackson",1,"2025-2025","Arkansas"
"DB","Jerry Jacobs",3,"2021-2023","Arkansas"
"RB","Dennis Johnson",1,"2013-2013","Arkansas"
"OG","Denver Kirkland",2,"2016-2018","Arkansas"
"DT","Jeremiah Ledbetter",6,"2017-2024","Arkansas"
"OL","Beaux Limmer",2,"2024-2025","Arkansas"
"K","Cam Little",2,"2024-2025","Arkansas"
"DE","Mitchell Loewen",3,"2017-2019","Arkansas"
"QB","Ryan Mallett",5,"2012-2017","Arkansas"
"DT","Jonathan Marshall",1,"2021-2021","Arkansas"
"DB","Dwight McGlothern",2,"2024-2025","Arkansas"
"S","Jerico Nelson",1,"2012-2012","Arkansas"
"LB","Otha Peters",1,"2017-2017","Arkansas"
"DT","Darius Philon",5,"2015-2021","Arkansas"
"C","Frank Ragnow",7,"2018-2024","Arkansas"
"LB","Randy Ramsey",1,"2020-2020","Arkansas"
"DT","John Ridgeway",4,"2022-2025","Arkansas"
"LB","Drew Sanders",2,"2023-2024","Arkansas"
"RB","Raheim Sanders",1,"2025-2025","Arkansas"
"OT","Dan Skipper",8,"2017-2025","Arkansas"
"RB","Kiero Small",1,"2014-2014","Arkansas"
"DE","Chris Smith",8,"2014-2021","Arkansas"
"DT","T.J. Smith",4,"2021-2024","Arkansas"
"OLB","Martrell Spaight",4,"2015-2018","Arkansas"
"TE","Jeremy Sprinkle",5,"2017-2021","Arkansas"
"OL","Ricky Stromberg",1,"2023-2023","Arkansas"
"C","Travis Swanson",5,"2014-2018","Arkansas"
"WR","Isaac TeSlaa",1,"2025-2025","Arkansas"
"NT","Robert Thomas",4,"2015-2018","Arkansas"
"OG","Sebastian Tretola",1,"2016-2016","Arkansas"
"DL","Armon Watts",6,"2019-2024","Arkansas"
"TE","D.J. Williams",3,"2011-2013","Arkansas"
"RB","David Williams",1,"2018-2018","Arkansas"
"RB","David Williams",1,"2018-2018","Arkansas"
"RB","Jonathan Williams",7,"2016-2023","Arkansas"
"RB","Ronnie Wingo",1,"2013-2013","Arkansas"
"DE","Deatrich Wise Jr.",9,"2017-2025","Arkansas"
"WR","Michael Woods II",2,"2022-2024","Arkansas"
"WR","Jarius Wright",8,"2012-2019","Arkansas"
"WR","Darvin Adams",1,"2011-2011","Auburn"
"DT","Montravius Adams",8,"2017-2024","Auburn"
"RB","Cameron Artis-Payne",4,"2015-2018","Auburn"
"RB","Peyton Barber",6,"2016-2021","Auburn"
"OLB","Daren Bates",9,"2013-2021","Auburn"
"RB","Tank Bigsby",3,"2023-2025","Auburn"
"DT","Angelo Blackson",10,"2015-2024","Auburn"
"WR","Quan Bray",3,"2015-2017","Auburn"
"LB","K.J. Britt",5,"2021-2025","Auburn"
"DL","Derrick Brown",6,"2020-2025","Auburn"
"LB","Josh Bynes",12,"2011-2022","Auburn"
"K","Anders Carlson",2,"2023-2024","Auburn"
"K","Daniel Carlson",8,"2018-2025","Auburn"
"DT","Zach Clayton",1,"2011-2011","Auburn"
"WR","Sammie Coates",4,"2015-2018","Auburn"
"OT","Shon Coleman",2,"2016-2017","Auburn"
"CB","Blake Countess",6,"2016-2021","Auburn"
"RB","Chandler Cox",2,"2019-2020","Auburn"
"DL","Marlon Davidson",3,"2020-2023","Auburn"
"CB","Carlton Davis",8,"2018-2025","Auburn"
"CB","Chris Davis",3,"2014-2016","Auburn"
"DB","Javaris Davis",1,"2021-2021","Auburn"
"CB","Jamel Dean",7,"2019-2025","Auburn"
"G-T","Jack Driscoll",5,"2020-2024","Auburn"
"C","Casey Dunn",1,"2018-2018","Auburn"
"DT","Nick Fairley",6,"2011-2016","Auburn"
"DE","Dee Ford",8,"2014-2021","Auburn"
"DT","Jonathan Ford",2,"2024-2025","Auburn"
"S","Rudy Ford",7,"2017-2023","Auburn"
"DB","John Franklin",1,"2019-2019","Auburn"
"RB","Corey Grant",4,"2015-2018","Auburn"
"DE","Derick Hall",3,"2023-2025","Auburn"
"LS","Josh Harris",13,"2012-2024","Auburn"
"DE","Jeff Holland",1,"2018-2018","Auburn"
"CB","Joshua Holsey",2,"2017-2018","Auburn"
"G","Mike Horton",1,"2021-2021","Auburn"
"RB","Jarquez Hunter",1,"2025-2025","Auburn"
"CB","Noah Igbinoghene",6,"2020-2025","Auburn"
"WR","Shedrick Jackson",2,"2023-2025","Auburn"
"CB","D.J. James",1,"2025-2025","Auburn"
"RB","Kerryon Johnson",4,"2018-2021","Auburn"
"DB","Jonathan Jones",10,"2016-2025","Auburn"
"LB","Austin Keys",1,"2025-2025","Auburn"
"DB","Brandon King",5,"2015-2021","Auburn"
"DT","DaVonte Lambert",1,"2016-2016","Auburn"
"WR","KeAndre Lambert-Smith",1,"2025-2025","Auburn"
"LB","Chris Landrum",2,"2016-2018","Auburn"
"DL","Devaroe Lawrence",3,"2018-2020","Auburn"
"DE","Carl Lawson",7,"2017-2024","Auburn"
"OLB","Corey Lemonier",4,"2013-2016","Auburn"
"DE","Eku Leota",3,"2023-2025","Auburn"
"WR","Ricardo Louis",2,"2016-2017","Auburn"
"CB","Nick Marshall",2,"2015-2016","Auburn"
"RB","Tre Mason",2,"2014-2015","Auburn"
"LB","Dorian Mausi",1,"2025-2025","Auburn"
"RB","Onterio McCalebb",1,"2014-2014","Auburn"
"CB","Roger McCreary",4,"2022-2025","Auburn"
"LB","Cassanova McKinzy",2,"2018-2019","Auburn"
"LB","Derrick Moncrief",1,"2020-2020","Auburn"
"OT","Brandon Mosley",2,"2013-2014","Auburn"
"QB","Cam Newton",11,"2011-2021","Auburn"
"QB","Bo Nix",2,"2024-2025","Auburn"
"LB","Owen Pappoe",3,"2023-2025","Auburn"
"K","Cody Parkey",8,"2014-2021","Auburn"
"DT","JJ Pegues",1,"2025-2025","Auburn"
"CB","Nehemiah Pritchett",2,"2024-2025","Auburn"
"FB","Jay Prosch",4,"2014-2017","Auburn"
"CB","Trovon Reed",1,"2016-2016","Auburn"
"OT","Greg Robinson",6,"2014-2019","Auburn"
"DL","Dontavius Russell",1,"2019-2019","Auburn"
"WR","Anthony Schwartz",2,"2021-2022","Auburn"
"TE","John Samuel Shenker",1,"2024-2024","Auburn"
"DB","Jamien Sherwood",5,"2021-2025","Auburn"
"P","Arryn Siposs",3,"2021-2023","Auburn"
"G","Chad Slade",2,"2017-2020","Auburn"
"WR","Darius Slayton",7,"2019-2025","Auburn"
"OG","Braden Smith",8,"2018-2025","Auburn"
"QB","Jarrett Stidham",6,"2019-2025","Auburn"
"RB","Ben Tate",4,"2011-2014","Auburn"
"SS","Robenson Therezie",2,"2015-2016","Auburn"
"S","Daniel Thomas",6,"2020-2025","Auburn"
"DB","Neiko Thorpe",8,"2012-2020","Auburn"
"LB","Patrick Trahan",2,"2011-2012","Auburn"
"TE","C.J. Uzomah",10,"2015-2024","Auburn"
"OL","Prince Tega Wanogho",4,"2020-2023","Auburn"
"DB","Jermaine Whitehead",4,"2016-2019","Auburn"
"RB","D.J. Williams",1,"2024-2024","Auburn"
"WR","Duke Williams",2,"2019-2020","Auburn"
"WR","Seth Williams",1,"2021-2021","Auburn"
"QB","Malik Willis",3,"2022-2024","Auburn"
"DE","Colby Wooden",3,"2023-2025","Auburn"
"LB","Chandler Wooten",3,"2022-2024","Auburn"
"DT","Gabe Wright",4,"2015-2018","Auburn"
"OL","Lee Ziemba",1,"2011-2011","Auburn"
"OLB","Alex Anzalone",9,"2017-2025","Florida"
"OLB","Neiron Ball",1,"2015-2015","Florida"
"SS","Ahmad Black",3,"2011-2013","Florida"
"LB","Jonathan Bostic",9,"2013-2022","Florida"
"DT","Caleb Brantley",3,"2017-2019","Florida"
"SAF","Trikweze Bridges",1,"2025-2025","Florida"
"QB","Jacoby Brissett",10,"2016-2025","Florida"
"RB","Mack Brown",2,"2016-2017","Florida"
"OT","Trent Brown",10,"2015-2024","Florida"
"DT","Taven Bryan",8,"2018-2025","Florida"
"DE","Jonathan Bullard",10,"2016-2025","Florida"
"LB","Amari Burney",2,"2023-2024","Florida"
"TE","Trey Burton",7,"2014-2020","Florida"
"WR","Antonio Callaway",3,"2018-2020","Florida"
"DE","Zachary Carter",4,"2022-2025","Florida"
"TE","Gerald Christian",1,"2016-2016","Florida"
"WR","Tyrie Cleveland",3,"2020-2022","Florida"
"OLB","Brenton Cox",3,"2023-2025","Florida"
"DE","Bryan Cox Jr.",4,"2017-2020","Florida"
"P","Jeremy Crawshaw",1,"2025-2025","Florida"
"OT","Brandon Crenshaw-Dickson",1,"2025-2025","Florida"
"ILB","Jarrad Davis",6,"2017-2022","Florida"
"RB","Malik Davis",3,"2022-2025","Florida"
"DB","Shawn Davis",1,"2021-2021","Florida"
"CB","Duke Dawson",2,"2019-2020","Florida"
"RB","Jeff Demps",1,"2013-2013","Florida"
"DL","Gervon Dexter",3,"2023-2025","Florida"
"LB","Mohamoud Diabate",3,"2023-2025","Florida"
"WR","Chimere Dike",1,"2025-2025","Florida"
"FS","Jonathan Dowling",1,"2014-2014","Florida"
"QB","Jeff Driskel",7,"2018-2024","Florida"
"CB","Quinton Dunbar",6,"2015-2020","Florida"
"DT","Dominique Easley",4,"2014-2018","Florida"
"OL","Kingsley Eguakun",1,"2025-2025","Florida"
"CB","Kaiir Elam",4,"2022-2025","Florida"
"SS","Matt Elam",3,"2013-2016","Florida"
"RB","Trevor Etienne",1,"2025-2025","Florida"
"FS","Josh Evans",4,"2013-2016","Florida"
"DT","Sharrif Floyd",4,"2013-2016","Florida"
"OL","Stone Forsythe",5,"2021-2025","Florida"
"OLB","Dante Fowler",10,"2016-2025","Florida"
"QB","Feleipe Franks",4,"2021-2025","Florida"
"C","Max Garcia",9,"2015-2023","Florida"
"S","C.J. Gardner-Johnson",7,"2019-2025","Florida"
"RT","Marcus Gilbert",8,"2011-2018","Florida"
"RB","Mike Gillislee",5,"2013-2018","Florida"
"OL","Richard Gouraige",1,"2024-2024","Florida"
"OT","Chaz Green",5,"2016-2021","Florida"
"DL","Jonathan Greenard",6,"2020-2025","Florida"
"QB","Will Grier",1,"2019-2019","Florida"
"OG","Jon Halapio",3,"2017-2019","Florida"
"WR","Frankie Hammond",2,"2014-2015","Florida"
"WR","Josh Hammond",1,"2021-2021","Florida"
"CB","Vernon Hargreaves III",6,"2016-2021","Florida"
"S","Marcell Harris",5,"2018-2022","Florida"
"C","Jonotthan Harrison",7,"2014-2023","Florida"
"CB","C.J. Henderson",4,"2020-2023","Florida"
"P","Chas Henry",2,"2011-2012","Florida"
"S","Will Hill",4,"2012-2015","Florida"
"LB","Ty'Ron Hopper",2,"2024-2025","Florida"
"LB","James Houston",4,"2022-2025","Florida"
"DT","Jaye Howard",5,"2012-2016","Florida"
"OT","D.J. Humphries",10,"2016-2025","Florida"
"OL","Maurice Hurt",2,"2011-2012","Florida"
"DT","Joey Ivie",1,"2019-2019","Florida"
"DT","Cam Jackson",1,"2025-2025","Florida"
"DB","J.C. Jackson",6,"2018-2023","Florida"
"LB","Shemar James",1,"2025-2025","Florida"
"WR","Van Jefferson",6,"2020-2025","Florida"
"CB","Jackrabbit Jenkins",11,"2012-2022","Florida"
"OLB","Jelani Jenkins",5,"2013-2017","Florida"
"G","Fred Johnson",7,"2019-2025","Florida"
"RB","Matt Jones",3,"2015-2017","Florida"
"TE","Lucas Krull",4,"2022-2025","Florida"
"CB","Jason Marshall",1,"2025-2025","Florida"
"FS","Marcus Maye",8,"2017-2024","Florida"
"OLB","Lerentee McCray",7,"2014-2021","Florida"
"SAF","Donovan McMillon",1,"2025-2025","Florida"
"K","Evan McPherson",5,"2021-2025","Florida"
"C","Drew Miller",1,"2011-2011","Florida"
"LB","Ventrell Miller",2,"2024-2025","Florida"
"LB","Jeremiah Moon",3,"2023-2025","Florida"
"ILB","Antonio Morrison",3,"2016-2018","Florida"
"WR","Tyler Murphy",1,"2015-2015","Florida"
"FS","Keanu Neal",8,"2016-2023","Florida"
"QB","Cam Newton",11,"2011-2021","Florida"
"OT","Xavier Nixon",2,"2013-2014","Florida"
"DE","Earl Okine",1,"2015-2015","Florida"
"DT","Leon Orr",2,"2015-2016","Florida"
"WR","Solomon Patton",1,"2014-2014","Florida"
"WR","Ricky Pearsall",2,"2024-2025","Florida"
"RB","La'Mical Perine",3,"2020-2023","Florida"
"RB","Dameon Pierce",4,"2022-2025","Florida"
"K","Eddy Pi√±eiro",6,"2019-2025","Florida"
"TE","Kyle Pitts",5,"2021-2025","Florida"
"EDGE","Jachai Polite",1,"2020-2020","Florida"
"S","Brian Poole",5,"2016-2020","Florida"
"C","Mike Pouncey",9,"2011-2019","Florida"
"WR","Brandon Powell",6,"2018-2024","Florida"
"OLB","Ronald Powell",1,"2014-2014","Florida"
"CB","Loucheiz Purifoy",1,"2014-2014","Florida"
"RB","Chris Rainey",2,"2012-2013","Florida"
"TE","Jordan Reed",7,"2013-2020","Florida"
"QB","Anthony Richardson",3,"2023-2025","Florida"
"CB","Cody Riggs",2,"2015-2016","Florida"
"CB","Marcus Roberson",3,"2014-2016","Florida"
"WR","Demarcus Robinson",10,"2016-2025","Florida"
"RB","Jordan Scarlett",2,"2019-2021","Florida"
"OT","David Sharpe",7,"2017-2025","Florida"
"CB","Josh Shaw",4,"2015-2018","Florida"
"WR","Justin Shorter",2,"2024-2025","Florida"
"OG","Ian Silberman",2,"2015-2018","Florida"
"DL","Tedarrell Slaton",5,"2021-2025","Florida"
"OLB","Jordan Smith",1,"2021-2021","Florida"
"K","Caleb Sturgis",6,"2013-2018","Florida"
"WR","Freddie Swain",3,"2020-2022","Florida"
"CB","Teez Tabor",5,"2017-2023","Florida"
"RT","Jawaan Taylor",7,"2019-2025","Florida"
"OL","Kadeem Telfort",1,"2024-2024","Florida"
"WR","Chris Thompson",1,"2017-2017","Florida"
"TE","Colin Thompson",2,"2020-2021","Florida"
"WR","Deonte Thompson",7,"2012-2018","Florida"
"WR","Kadarius Toney",4,"2021-2024","Florida"
"OL","O'Cyrus Torrence",3,"2023-2025","Florida"
"P","Johnny Townsend",3,"2018-2021","Florida"
"P","Tommy Townsend",6,"2020-2025","Florida"
"LB","Lynden Trail",1,"2016-2016","Florida"
"QB","Kyle Trask",3,"2022-2024","Florida"
"DE","Justin Trattou",5,"2011-2016","Florida"
"DE","Princely Umanmielen",1,"2025-2025","Florida"
"CB","Jaylen Watkins",6,"2014-2020","Florida"
"LB","Ja'Markis Weston",1,"2025-2025","Florida"
"CB","Chris Williamson",1,"2021-2021","Florida"
"CB","Marco Wilson",5,"2021-2025","Florida"
"CB","Quincy Wilson",5,"2017-2022","Florida"
"DL","Jabari Zuniga",3,"2020-2022","Florida"
"C","David Andrews",9,"2015-2024","Georgia"
"DT","John Atkins",2,"2018-2019","Georgia"
"CB","Deandre Baker",3,"2019-2021","Georgia"
"OLB","Robert Beal",3,"2023-2025","Georgia"
"K","Rodrigo Blankenship",3,"2020-2022","Georgia"
"RG","Clint Boling",8,"2011-2018","Georgia"
"TE","Brock Bowers",2,"2024-2025","Georgia"
"CB","Brandon Boykin",4,"2012-2015","Georgia"
"DL","Warren Brinson",1,"2025-2025","Georgia"
"WR","Marlon Brown",3,"2013-2015","Georgia"
"DB","Javon Bullard",2,"2024-2025","Georgia"
"WR","Jermaine Burton",1,"2024-2024","Georgia"
"P","Drew Butler",4,"2012-2016","Georgia"
"WR","Lawrence Cager",4,"2020-2023","Georgia"
"P","Jake Camarda",3,"2022-2024","Georgia"
"DB","Tyson Campbell",5,"2021-2025","Georgia"
"DL","Jalen Carter",3,"2023-2025","Georgia"
"DE","Lorenzo Carter",7,"2018-2024","Georgia"
"OG","Tyler Catalina",1,"2017-2017","Georgia"
"OLB","Chaz Chambliss",1,"2025-2025","Georgia"
"RB","Shaun Chapas",2,"2011-2012","Georgia"
"TE","Orson Charles",5,"2012-2018","Georgia"
"RB","Nick Chubb",8,"2018-2025","Georgia"
"DB","Lewis Cine",3,"2022-2024","Georgia"
"G","Ben Cleveland",5,"2021-2025","Georgia"
"CB","Sanders Commings",1,"2013-2013","Georgia"
"WR","Chris Conley",10,"2015-2024","Georgia"
"RB","James Cook",4,"2022-2025","Georgia"
"K","Brandon Coutu",1,"2011-2011","Georgia"
"OLB","Brenton Cox",3,"2023-2025","Georgia"
NA,"Tae Crowder",4,"2020-2023","Georgia"
"DT","Jordan Davis",4,"2022-2025","Georgia"
"LB","Nakobe Dean",4,"2022-2025","Georgia"
"LB","Akeem Dent",6,"2011-2016","Georgia"
"DE","Demarcus Dobbs",5,"2011-2015","Georgia"
"WR","Kris Durham",4,"2011-2014","Georgia"
"QB","Jacob Eason",2,"2021-2022","Georgia"
"RB","Trevor Etienne",1,"2025-2025","Georgia"
"OL","Dylan Fairchild",1,"2025-2025","Georgia"
"QB","Justin Fields",5,"2021-2025","Georgia"
"TE","John FitzPatrick",3,"2023-2025","Georgia"
"OLB","Leonard Floyd",10,"2016-2025","Georgia"
"QB","Jake Fromm",1,"2021-2021","Georgia"
"OL","Lamont Gaillard",1,"2020-2020","Georgia"
"LB","Darryl Gamble",1,"2011-2011","Georgia"
"DT","Kwame Geathers",1,"2013-2013","Georgia"
"T","Cordy Glenn",8,"2012-2019","Georgia"
"WR","Terry Godwin",1,"2020-2020","Georgia"
"WR","A.J. Green",11,"2011-2022","Georgia"
"RB","Todd Gurley",6,"2015-2020","Georgia"
"WR","Mecole Hardman",6,"2019-2024","Georgia"
"ILB","Amarlo Herrera",1,"2015-2015","Georgia"
"DL","Malik Herring",4,"2022-2025","Georgia"
"OL","Trey Hill",3,"2021-2024","Georgia"
"RB","Elijah Holyfield",1,"2020-2020","Georgia"
"LB","Justin Houston",13,"2011-2023","Georgia"
"DE","Tyrion Ingram-Dawkins",1,"2025-2025","Georgia"
"WR","Kearis Jackson",1,"2023-2023","Georgia"
"DT","John Jenkins",13,"2013-2025","Georgia"
"OLB","Jordan Jenkins",6,"2016-2021","Georgia"
"WR","Jaylen Johnson",1,"2024-2024","Georgia"
"LB","Jermaine Johnson II",4,"2022-2025","Georgia"
"DT","Toby Johnson",1,"2016-2016","Georgia"
"DT","Abry Jones",8,"2013-2020","Georgia"
"C","Ben Jones",11,"2012-2022","Georgia"
"OL","Broderick Jones",3,"2023-2025","Georgia"
"OLB","Jarvis Jones",4,"2013-2016","Georgia"
"DB","Derion Kendrick",3,"2022-2025","Georgia"
"OL","Solomon Kindley",2,"2020-2021","Georgia"
"WR","Tavarres King",3,"2014-2017","Georgia"
"DB","Kamari Lassiter",2,"2024-2025","Georgia"
"DB","Richard LeCounte",3,"2021-2023","Georgia"
"DE","Jonathan Ledbetter",4,"2019-2023","Georgia"
"DL","Zion Logue",2,"2024-2025","Georgia"
"WR","Dominic Lovett",1,"2025-2025","Georgia"
"CB","Nick Marshall",2,"2015-2016","Georgia"
"OL","Cade Mays",4,"2022-2025","Georgia"
"OL","Warren McClendon",3,"2023-2025","Georgia"
"WR","Ladd McConkey",2,"2024-2025","Georgia"
"RB","Kenny McIntosh",2,"2023-2024","Georgia"
"WR","Isaiah McKenzie",7,"2017-2023","Georgia"
"TE","Tre' McKitty",3,"2021-2023","Georgia"
"WR","Jackson Meeks",1,"2025-2025","Georgia"
"RB","Sony Michel",5,"2018-2022","Georgia"
"RB","Kendall Milton",1,"2024-2024","Georgia"
"OL","Amarius Mims",2,"2024-2025","Georgia"
"WR","Adonai Mitchell",2,"2024-2025","Georgia"
"WR","Malcolm Mitchell",1,"2016-2016","Georgia"
"LB","Smael Mondon",1,"2025-2025","Georgia"
"S","Corey Moore",4,"2015-2018","Georgia"
"LS","Nick Moore",5,"2020-2025","Georgia"
"TE","Isaac Nauta",2,"2019-2020","Georgia"
"P","Cameron Nizialek",1,"2021-2021","Georgia"
"OLB","Alec Ogletree",9,"2013-2021","Georgia"
"OLB","Azeez Ojulari",5,"2021-2025","Georgia"
"LB","Natrez Patrick",2,"2019-2020","Georgia"
"WR","George Pickens",4,"2022-2025","Georgia"
"FS","Bacarri Rambo",4,"2013-2016","Georgia"
"OL","Tate Ratledge",1,"2025-2025","Georgia"
"DB","J.R. Reed",2,"2020-2021","Georgia"
"S","Otis Reese",2,"2023-2024","Georgia"
"LB","Monty Rice",5,"2021-2025","Georgia"
"WR","Riley Ridley",2,"2019-2020","Georgia"
"DB","Kelee Ringo",3,"2023-2025","Georgia"
"DE","Chauncey Rivers",2,"2020-2021","Georgia"
"OL","Jamaree Salyer",4,"2022-2025","Georgia"
"WR","Arian Smith",1,"2025-2025","Georgia"
"DB","Christopher Smith",3,"2023-2025","Georgia"
"DT","Garrison Smith",3,"2016-2018","Georgia"
"FS","Maurice Smith",3,"2017-2019","Georgia"
"OLB","Nolan Smith",3,"2023-2025","Georgia"
"ILB","Roquan Smith",8,"2018-2025","Georgia"
"DB","Tykee Smith",2,"2024-2025","Georgia"
"CB","Ameer Speed",2,"2023-2024","Georgia"
"DT","Nazir Stackhouse",1,"2025-2025","Georgia"
"CB","Jayson Stanley",1,"2020-2020","Georgia"
"SAF","Malaki Starks",1,"2025-2025","Georgia"
"CB","Tyrique Stevenson",3,"2023-2025","Georgia"
"DB","Eric Stokes",5,"2021-2025","Georgia"
"CB","Damian Swann",1,"2015-2015","Georgia"
"RB","D'Andre Swift",6,"2020-2025","Georgia"
"OT","John Theus",1,"2016-2016","Georgia"
"LT","Andrew Thomas",6,"2020-2025","Georgia"
"LB","Channing Tindall",3,"2022-2024","Georgia"
"DL","Kiante Tripp",1,"2011-2011","Georgia"
"OT","Xavier Truss",1,"2025-2025","Georgia"
"DE","DeAngelo Tyson",3,"2012-2014","Georgia"
"OL","Sedrick Van Pran-Granger",2,"2024-2025","Georgia"
"EDGE","D'Andre Walker",1,"2020-2020","Georgia"
"DE","Jalon Walker",1,"2025-2025","Georgia"
"LB","Quay Walker",4,"2022-2025","Georgia"
"DE","Travon Walker",4,"2022-2025","Georgia"
"K","Blair Walsh",6,"2012-2017","Georgia"
"DE","Cornelius Washington",5,"2013-2017","Georgia"
"TE","Darnell Washington",3,"2023-2025","Georgia"
"DB","Mark Webb",1,"2021-2021","Georgia"
"RB","Zamir White",4,"2022-2025","Georgia"
"DL","Mykel Williams",1,"2025-2025","Georgia"
"SS","Shawn Williams",9,"2013-2021","Georgia"
"CB","Divaad Wilson",2,"2023-2024","Georgia"
"OL","Isaiah Wilson",1,"2020-2020","Georgia"
"OL","Jared Wilson",1,"2025-2025","Georgia"
"ILB","Ramik Wilson",5,"2015-2019","Georgia"
"WR","Javon Wims",4,"2018-2022","Georgia"
"TE","Charlie Woerner",6,"2020-2025","Georgia"
"DT","Devonte Wyatt",4,"2022-2025","Georgia"
"OT","Isaiah Wynn",6,"2019-2024","Georgia"
"TE","Ben Yurosek",1,"2025-2025","Georgia"
"WR","Josh Ali",1,"2022-2022","Kentucky"
"WR","Jeff Badet",1,"2020-2020","Kentucky"
"TE","Brenden Bates",2,"2024-2025","Kentucky"
"DT","Quinton Bohanna",5,"2021-2025","Kentucky"
"WR","Lynn Bowden Jr.",3,"2020-2023","Kentucky"
"DE","T.J. Carter",1,"2022-2022","Kentucky"
"DB","Zion Childress",1,"2025-2025","Kentucky"
"WR","Randall Cobb",13,"2011-2023","Kentucky"
"LB","Jamin Davis",4,"2021-2024","Kentucky"
"RB","Ray Davis",2,"2024-2025","Kentucky"
"DE","Bud Dupree",11,"2015-2025","Kentucky"
"CB","Brandin Echols",5,"2021-2025","Kentucky"
"S","Mike Edwards",6,"2019-2024","Kentucky"
"ILB","Josh Forrest",2,"2016-2017","Kentucky"
"G","Luke Fortner",4,"2022-2025","Kentucky"
"DB","Winston Guy",5,"2012-2016","Kentucky"
"CB","Maxwell Hairston",1,"2025-2025","Kentucky"
"DE","Josh Hines-Allen",7,"2019-2025","Kentucky"
"DT","Phil Hoskins",3,"2021-2023","Kentucky"
"CB","Lonnie Johnson Jr.",6,"2019-2024","Kentucky"
"DB","Kelvin Joseph",4,"2021-2024","Kentucky"
"T","Darian Kinnard",3,"2022-2025","Kentucky"
"QB","Will Levis",2,"2023-2024","Kentucky"
"DT","Ricky Lumpkin",3,"2012-2014","Kentucky"
"WR","Chris Matthews",3,"2014-2017","Kentucky"
"NT","Marquan McCall",1,"2022-2022","Kentucky"
"T","Darrian Miller",1,"2015-2015","Kentucky"
"CB","Quandre Mosely",1,"2022-2022","Kentucky"
"WR","Bryce Oliver",2,"2024-2025","Kentucky"
"DE","Josh Paschal",3,"2022-2024","Kentucky"
"DB","Andru Phillips",2,"2024-2025","Kentucky"
"WR","Wan'Dale Robinson",4,"2022-2025","Kentucky"
"RB","Chris Rodriguez",3,"2023-2025","Kentucky"
"DB","Keidron Smith",1,"2024-2024","Kentucky"
"DE","Za'Darius Smith",11,"2015-2025","Kentucky"
"RB","Benny Snell Jr.",4,"2019-2022","Kentucky"
"OL","Logan Stenberg",3,"2020-2022","Kentucky"
"C","Jon Toth",1,"2021-2021","Kentucky"
"OLB","Danny Trevathan",10,"2012-2021","Kentucky"
"DB","Carrington Valentine",3,"2023-2025","Kentucky"
"DT","Deone Walker",1,"2025-2025","Kentucky"
"LB","Trevin Wallace",2,"2024-2025","Kentucky"
"OG","Larry Warford",7,"2013-2019","Kentucky"
"CB","Chris Westry",2,"2020-2021","Kentucky"
"ILB","Avery Williamson",7,"2014-2021","Kentucky"
"OT","Landon Young",4,"2021-2024","Kentucky"
"SS","Jamal Adams",9,"2017-2025","LSU"
"OLB","Kwon Alexander",10,"2015-2024","LSU"
"OG","Vadal Alexander",2,"2016-2017","LSU"
"T","Joe Barksdale",8,"2011-2018","LSU"
"ILB","Lamin Barrow",2,"2014-2015","LSU"
"LB","Micah Baskerville",1,"2023-2023","LSU"
"WR","Jack Bech",1,"2025-2025","LSU"
"WR","Odell Beckham Jr.",10,"2014-2024","LSU"
"ILB","Kendell Beckwith",1,"2017-2017","LSU"
"CB","Jarrick Bernard-Converse",3,"2023-2025","LSU"
"RB","Alfred Blue",5,"2014-2018","LSU"
"WR","Kayshon Boutte",3,"2023-2025","LSU"
"OLB","Tashawn Bower",5,"2017-2022","LSU"
"OL","Anthony Bradford",3,"2023-2025","LSU"
"CB","Delvin Breaux",2,"2015-2016","LSU"
"DT","Michael Brockers",11,"2012-2022","LSU"
"CB","Ron Brooks",5,"2012-2016","LSU"
"QB","Joe Burrow",6,"2020-2025","LSU"
"OT","Will Campbell",1,"2025-2025","LSU"
"FB","Tory Carter",2,"2021-2022","LSU"
"OLB","K'Lavon Chaisson",6,"2020-2025","LSU"
"WR","DJ Chark",7,"2018-2024","LSU"
"OL","Saahdiq Charles",4,"2020-2023","LSU"
"WR","Ja'Marr Chase",5,"2021-2025","LSU"
"CB","Morris Claiborne",8,"2012-2019","LSU"
"C","Will Clapp",7,"2018-2024","LSU"
"LB","Damone Clark",4,"2022-2025","LSU"
"CB","Jalen Collins",2,"2015-2016","LSU"
"OT","La'el Collins",7,"2015-2022","LSU"
"LB","Jabril Cox",3,"2021-2023","LSU"
"C","Lloyd Cushenberry III",6,"2020-2025","LSU"
"QB","Jayden Daniels",2,"2024-2025","LSU"
"RB","Tyrion Davis-Price",3,"2022-2024","LSU"
"T","Austin Deculus",4,"2022-2025","LSU"
"S","Grant Delpit",5,"2021-2025","LSU"
"WR","Malachi Dupre",1,"2018-2018","LSU"
"DE","Lavar Edwards",5,"2013-2017","LSU"
"RB","Clyde Edwards-Helaire",6,"2020-2025","LSU"
"DE","Neil Farrell",3,"2022-2024","LSU"
"NT","Breiden Fehoko",3,"2020-2022","LSU"
"LS","Blake Ferguson",5,"2020-2024","LSU"
"DT","Ego Ferguson",2,"2014-2015","LSU"
"LS","Reid Ferguson",9,"2017-2025","LSU"
"CB","Cordale Flott",4,"2022-2025","LSU"
"RB","Michael Ford",1,"2013-2013","LSU"
"RB","Leonard Fournette",7,"2017-2023","LSU"
"CB","Kristian Fulton",6,"2020-2025","LSU"
"WR","Russell Gage",6,"2018-2025","LSU"
"CB","Mekhi Garner",1,"2023-2023","LSU"
"DE","Ali Gaye",2,"2024-2025","LSU"
"DT","Davon Godchaux",9,"2017-2025","LSU"
"G","Dillon Gordon",1,"2016-2016","LSU"
"WR","Cyril Grayson",3,"2019-2021","LSU"
"RB","Derrius Guice",1,"2019-2019","LSU"
"CB","Chris Hawkins",1,"2011-2011","LSU"
"OT","Jerald Hawkins",3,"2017-2020","LSU"
"DL","Frank Herron",3,"2019-2021","LSU"
"RB","Jeremy Hill",5,"2014-2018","LSU"
"WR","Trindon Holliday",4,"2011-2014","LSU"
"DE","Danielle Hunter",10,"2015-2025","LSU"
"DL","Siaki Ika",1,"2023-2023","LSU"
"G","Ed Ingram",4,"2022-2025","LSU"
"CB","Donte Jackson",8,"2018-2025","LSU"
"DE","Landon Jackson",1,"2025-2025","LSU"
"DT","Jordan Jefferson",2,"2024-2025","LSU"
"WR","Justin Jefferson",6,"2020-2025","LSU"
"DT","Anthony Johnson",3,"2014-2017","LSU"
"WR","Tyron Johnson",3,"2020-2022","LSU"
"OLB","Deion Jones",10,"2016-2025","LSU"
"DE","Sai'vion Jones",1,"2025-2025","LSU"
"DB","Kelvin Joseph",4,"2021-2024","LSU"
"DE","Arden Key",8,"2018-2025","LSU"
"WR","Jarvis Landry",9,"2014-2022","LSU"
"DL","Rashard Lawrence",3,"2020-2022","LSU"
"DE","Pep Levingston",2,"2011-2012","LSU"
"G","Damien Lewis",6,"2020-2025","LSU"
"DT","Bennie Logan",6,"2013-2018","LSU"
"SS","Craig Loston",2,"2014-2015","LSU"
"LB","Lamar Louis",1,"2016-2016","LSU"
"RB","Terrence Magee",3,"2015-2017","LSU"
"WR","Terrace Marshall Jr.",4,"2021-2024","LSU"
"SS","Ronald Martin",3,"2015-2017","LSU"
"CB","Tyrann Mathieu",12,"2013-2024","LSU"
"DB","Dwight McGlothern",2,"2024-2025","LSU"
"DL","TK McLendon",1,"2023-2023","LSU"
"WR","Racey McMath",2,"2021-2022","LSU"
"QB","Zach Mettenberger",2,"2014-2015","LSU"
"CB","Jalen Mills",10,"2016-2025","LSU"
"OLB","Barkevious Mingo",8,"2013-2020","LSU"
"ILB","Kevin Minter",9,"2013-2021","LSU"
"TE","Foster Moreau",7,"2019-2025","LSU"
"RB","Richard Murphy",1,"2012-2012","LSU"
"WR","Malik Nabers",2,"2024-2025","LSU"
"DE","Lewis Neal",1,"2017-2017","LSU"
"DL","Drake Nevis",3,"2011-2013","LSU"
"DE","BJ Ojulari",1,"2023-2023","LSU"
"WR","Trey Palmer",2,"2023-2024","LSU"
"CB","Patrick Peterson",13,"2011-2023","LSU"
"LB","Jacob Phillips",3,"2020-2022","LSU"
"C","Ethan Pocic",9,"2017-2025","LSU"
"OLB","Patrick Queen",6,"2020-2025","LSU"
"WR","Trey Quinn",3,"2018-2020","LSU"
"WR","Rueben Randle",4,"2012-2015","LSU"
"FS","Eric Reid",7,"2013-2019","LSU"
"DB","Eli Ricks",2,"2023-2024","LSU"
"RB","Stevan Ridley",8,"2011-2018","LSU"
"OLB","Duke Riley",8,"2017-2024","LSU"
"CB","Rashard Robinson",5,"2016-2021","LSU"
"DT","Jaquelin Roy",2,"2023-2024","LSU"
"S","Andre' Sam",1,"2024-2024","LSU"
"DT","Tyler Shelvin",2,"2021-2022","LSU"
"WR","Russell Shepard",7,"2013-2019","LSU"
"LB","Kelvin Sheppard",8,"2011-2018","LSU"
"CB","Tharold Simon",3,"2014-2016","LSU"
"DT","Maason Smith",2,"2024-2025","LSU"
"LB","Omar Speights",2,"2024-2025","LSU"
"S","JaCoby Stevens",1,"2021-2021","LSU"
"CB","Derek Stingley Jr.",4,"2022-2025","LSU"
"TE","Stephen Sullivan",5,"2020-2024","LSU"
"SS","Brandon Taylor",1,"2012-2012","LSU"
"TE","Mason Taylor",1,"2025-2025","LSU"
"WR","Brian Thomas",2,"2024-2025","LSU"
"LB","Corey Thompson",2,"2018-2019","LSU"
"DB","Kevin Toliver",3,"2018-2020","LSU"
"T","Badara Traore",2,"2021-2022","LSU"
"OG","Trai Turner",9,"2014-2022","LSU"
"CB","Kary Vincent Jr.",1,"2021-2021","LSU"
"S","Jay Ward",3,"2023-2025","LSU"
"RB","Spencer Ware",5,"2013-2019","LSU"
"OLB","Devin White",7,"2019-2025","LSU"
"CB","Tre'Davious White",9,"2017-2025","LSU"
"RB","Darrel Williams",5,"2018-2022","LSU"
"CB","Greedy Williams",3,"2019-2022","LSU"
"RB","Josh Williams",1,"2025-2025","LSU"
"P","Brad Wing",5,"2014-2023","LSU"
"DT","Mekhi Wingo",2,"2024-2025","LSU"
"WR","James Wright",2,"2014-2016","LSU"
"K","Cade York",2,"2022-2024","LSU"
"S","Johnathan Abram",6,"2019-2024","Mississippi St"
"DE","Denico Autry",12,"2014-2025","Mississippi St"
"RB","Vick Ballard",2,"2012-2013","Mississippi St"
"CB","Johnthan Banks",5,"2013-2017","Mississippi St"
"DT","Josh Boyd",3,"2013-2015","Mississippi St"
"LS","Hunter Bradley",5,"2018-2022","Mississippi St"
"WR","Fred Brown",2,"2019-2020","Mississippi St"
"G","Shaq Calhoun",3,"2019-2021","Mississippi St"
"DB","Taveze Calhoun",1,"2016-2016","Mississippi St"
"T","Blaine Clausell",1,"2018-2018","Mississippi St"
"P","Logan Cooke",8,"2018-2025","Mississippi St"
"DT","Fletcher Cox",12,"2012-2023","Mississippi St"
"OL","Charles Cross",4,"2022-2025","Mississippi St"
"DT","Jaden Crumedy",2,"2024-2025","Mississippi St"
"CB","Cameron Dantzler",4,"2020-2023","Mississippi St"
"CB","Martin Emerson",3,"2022-2024","Mississippi St"
"DT","Kaleb Eulls",1,"2015-2015","Mississippi St"
"CB","Emmanuel Forbes",3,"2023-2025","Mississippi St"
"OLB","Willie Gay Jr.",6,"2020-2025","Mississippi St"
"DB","J.T. Gray",8,"2018-2025","Mississippi St"
"TE","Farrod Green",1,"2020-2020","Mississippi St"
"EDGE","Gerri Green",1,"2022-2022","Mississippi St"
"WR","Malik Heath",3,"2023-2025","Mississippi St"
"RB","Kylin Hill",2,"2021-2022","Mississippi St"
"DT","Braxton Hoyett",2,"2020-2021","Mississippi St"
"OG","Gabe Jackson",10,"2014-2023","Mississippi St"
"LG-LT","Elgton Jenkins",7,"2019-2025","Mississippi St"
"FB","Malcolm Johnson",2,"2015-2016","Mississippi St"
"DT","Chris Jones",10,"2016-2025","Mississippi St"
"DB","Jarrian Jones",2,"2024-2025","Mississippi St"
"DE","Kobe Jones",1,"2022-2022","Mississippi St"
"LB","Cameron Lawrence",2,"2013-2014","Mississippi St"
"RB","Woody Marks",1,"2025-2025","Mississippi St"
"ILB","Benardrick McKinney",7,"2015-2021","Mississippi St"
"DL","Pernell McPhee",11,"2011-2021","Mississippi St"
"SS","Charles Mitchell",1,"2012-2012","Mississippi St"
"OL","Tyre Phillips",5,"2020-2024","Mississippi St"
"QB","Dak Prescott",10,"2016-2025","Mississippi St"
"OT","Martinas Rankin",3,"2018-2020","Mississippi St"
"CB","Will Redmond",5,"2018-2022","Mississippi St"
"CB","Decamerion Richardson",2,"2024-2025","Mississippi St"
"DE","Chauncey Rivers",2,"2020-2021","Mississippi St"
"RB","Josh Robinson",1,"2015-2015","Mississippi St"
"WR","Tyrell Shavers",2,"2024-2025","Mississippi St"
"OL","Derek Sherrod",3,"2011-2014","Mississippi St"
"DL","Jeffery Simmons",7,"2019-2025","Mississippi St"
"LB","Deontae Skinner",3,"2014-2017","Mississippi St"
"CB","Darius Slay",13,"2013-2025","Mississippi St"
"DE","Preston Smith",11,"2015-2025","Mississippi St"
"DE","Marquiss Spencer",1,"2021-2021","Mississippi St"
"QB","Tommy Stevens",1,"2020-2020","Mississippi St"
"DE","Montez Sweat",7,"2019-2025","Mississippi St"
"TE","Jordan Thomas",3,"2018-2020","Mississippi St"
"LB","Nathaniel Watson",1,"2024-2024","Mississippi St"
"LB","Tyrus Wheat",3,"2023-2025","Mississippi St"
"OLB","Chris White",4,"2011-2014","Mississippi St"
"C","Darryl Williams",1,"2022-2022","Mississippi St"
"LB","K.J. Wright",11,"2011-2021","Mississippi St"
"DT","Cameron Young",2,"2023-2024","Mississippi St"
"WR","Isaiah Zuber",1,"2020-2020","Mississippi St"
"DB","Kris Abrams-Draine",2,"2024-2025","Missouri"
"RB","Tyler Badie",3,"2022-2025","Missouri"
"C","Tim Barnes",6,"2012-2017","Missouri"
"TE","Kendall Blanton",3,"2019-2022","Missouri"
"S","Joshuah Bledsoe",2,"2022-2023","Missouri"
"C","Evan Boehm",4,"2016-2019","Missouri"
"LB","Nick Bolton",5,"2021-2025","Missouri"
"OL","Larry Borom",5,"2021-2025","Missouri"
"LS","Beau Brinkley",10,"2012-2021","Missouri"
"OT","Justin Britt",8,"2014-2022","Missouri"
"ILB","Kentrell Brothers",4,"2016-2019","Missouri"
"T","Colin Brown",3,"2011-2013","Missouri"
"OL","Marcus Bryant",1,"2025-2025","Missouri"
"WR","Luther Burden",1,"2025-2025","Missouri"
"DB","Jaylon Carlies",1,"2024-2024","Missouri"
"OLB","DJ Coleman",1,"2024-2024","Missouri"
"C","Trystan Colon",6,"2020-2025","Missouri"
"RB","Damarea Crockett",1,"2021-2021","Missouri"
"TE","Sean Culkin",4,"2017-2020","Missouri"
"T","Yasir Durant",3,"2020-2022","Missouri"
"DE","Kony Ealy",5,"2014-2018","Missouri"
"TE","Michael Egnew",2,"2012-2013","Missouri"
"DL","Jordan Elliott",6,"2020-2025","Missouri"
"DB","Akayleb Evans",4,"2022-2025","Missouri"
"OL","Javon Foster",1,"2024-2024","Missouri"
"QB","Blaine Gabbert",12,"2011-2023","Missouri"
"OOLB","Andrew Gachkar",7,"2011-2017","Missouri"
"CB","E.J. Gaines",4,"2014-2018","Missouri"
"S","Tyree Gillespie",2,"2021-2022","Missouri"
"OLB","Markus Golden",9,"2015-2023","Missouri"
"OLB","Zaviar Gooden",3,"2013-2016","Missouri"
"WR","Dorial Green-Beckham",2,"2015-2016","Missouri"
"LB","Terez Hall",1,"2020-2020","Missouri"
"RB","Russell Hansbrough",1,"2016-2016","Missouri"
"DE","Charles Harris",8,"2017-2024","Missouri"
"DT","Rickey Hatley",1,"2017-2017","Missouri"
"CB","Christian Holmes",2,"2022-2023","Missouri"
"LB","Ty'Ron Hopper",2,"2024-2025","Missouri"
"WR","Jerrell Jackson",1,"2012-2012","Missouri"
"QB","Drew Lock",6,"2019-2025","Missouri"
"WR","Dominic Lovett",1,"2025-2025","Missouri"
"OG","Connor McGovern",8,"2017-2024","Missouri"
"DL","Isaiah McGuire",3,"2023-2025","Missouri"
"OL","Armand Membou",1,"2025-2025","Missouri"
"WR","J'Mon Moore",1,"2018-2018","Missouri"
"C","Mitch Morse",10,"2015-2024","Missouri"
"RB","Marcus Murphy",4,"2015-2018","Missouri"
"TE","Albert Okwuegbunam",5,"2020-2025","Missouri"
"DT","Walter Palmore",1,"2020-2020","Missouri"
"DB","Ennis Rakestraw",1,"2024-2024","Missouri"
"DE","Shane Ray",4,"2015-2018","Missouri"
"DT","Sheldon Richardson",9,"2013-2021","Missouri"
"DL","Darius Robinson",2,"2024-2025","Missouri"
"RB","Larry Rountree",2,"2021-2022","Missouri"
"CB","Kevin Rutland",2,"2011-2012","Missouri"
"RB","Cody Schrader",2,"2024-2025","Missouri"
"DE","Aldon Smith",6,"2011-2020","Missouri"
"DE","Jacquies Smith",5,"2014-2018","Missouri"
"G","Tre'Vour Wallace-Simms",2,"2020-2021","Missouri"
"DT","Mekhi Wingo",2,"2024-2025","Missouri"
"LB","Dominique Alexander",2,"2016-2017","Oklahoma"
"DE","Frank Alexander",3,"2012-2014","Oklahoma"
"TE","Mark Andrews",8,"2018-2025","Oklahoma"
"LB","Brian Asamoah",4,"2022-2025","Oklahoma"
"WR","Jeff Badet",1,"2020-2020","Oklahoma"
"TE","Blake Bell",9,"2015-2023","Oklahoma"
"DE","Amani Bledsoe",2,"2020-2021","Oklahoma"
"LB","Curtis Bolton",4,"2021-2024","Oklahoma"
"OLB","Devante Bond",4,"2017-2020","Oklahoma"
"OLB","Nik Bonitto",4,"2022-2025","Oklahoma"
"SAF","Billy Bowman",1,"2025-2025","Oklahoma"
"WR","Justin Brown",1,"2014-2014","Oklahoma"
"WR","Marquise Brown",7,"2019-2025","Oklahoma"
"OT","Orlando Brown Jr.",8,"2018-2025","Oklahoma"
"CB","Tre Brown",5,"2021-2025","Oklahoma"
"WR","Ryan Broyles",3,"2012-2014","Oklahoma"
"TE","Grant Calcaterra",4,"2022-2025","Oklahoma"
"DB","Quinton Carter",3,"2011-2014","Oklahoma"
"CB","Aaron Colvin",6,"2014-2019","Oklahoma"
"DL","Auston English",1,"2011-2011","Oklahoma"
"OL","Bobby Evans",4,"2019-2022","Oklahoma"
"ILB","Jordan Evans",5,"2017-2021","Oklahoma"
"CB","Jamell Fleming",4,"2012-2015","Oklahoma"
"G","Cody Ford",7,"2019-2025","Oklahoma"
"QB","Dillon Gabriel",1,"2025-2025","Oklahoma"
"DL","Neville Gallimore",6,"2020-2025","Oklahoma"
"RB","Eric Gray",2,"2023-2024","Oklahoma"
"WR","Dorial Green-Beckham",2,"2015-2016","Oklahoma"
"OLB","Geneo Grissom",4,"2015-2018","Oklahoma"
"OL","Tyler Guyton",2,"2024-2025","Oklahoma"
"TE","James Hanna",5,"2012-2017","Oklahoma"
"OL","Anton Harrison",3,"2023-2025","Oklahoma"
"C","Creed Humphrey",5,"2021-2025","Oklahoma"
"CB","Demontre Hurst",3,"2014-2016","Oklahoma"
"QB","Jalen Hurts",6,"2020-2025","Oklahoma"
"C","Gabe Ikard",2,"2015-2016","Oklahoma"
"FS","Tony Jefferson",11,"2013-2025","Oklahoma"
"OT","Lane Johnson",13,"2013-2025","Oklahoma"
"QB","Landry Jones",3,"2015-2017","Oklahoma"
"DE","David King",4,"2014-2017","Oklahoma"
"WR","CeeDee Lamb",6,"2020-2025","Oklahoma"
"DL","Jonah Laulu",2,"2024-2025","Oklahoma"
"OLB","Ronnell Lewis",1,"2012-2012","Oklahoma"
"OLB","Travis Lewis",4,"2012-2015","Oklahoma"
"RB","Mossis Madu",1,"2011-2011","Oklahoma"
"QB","Baker Mayfield",8,"2018-2025","Oklahoma"
"DT","Stacy McGee",8,"2013-2020","Oklahoma"
"TE","Carson Meier",1,"2019-2019","Oklahoma"
"WR","Marvin Mims",3,"2023-2025","Oklahoma"
"RB","Joe Mixon",8,"2017-2024","Oklahoma"
"OL","Wanya Morris",3,"2023-2025","Oklahoma"
"DB","Parnell Motley",2,"2020-2021","Oklahoma"
"RB","DeMarco Murray",7,"2011-2017","Oklahoma"
"OLB","Kenneth Murray",6,"2020-2025","Oklahoma"
"QB","Kyler Murray",7,"2019-2025","Oklahoma"
"OLB","Corey Nelson",6,"2014-2019","Oklahoma"
"DB","Jonathan Nelson",1,"2011-2011","Oklahoma"
"DB","Tre Norwood",2,"2021-2022","Oklahoma"
"DE","Ogbonnia Okoronkwo",7,"2019-2025","Oklahoma"
"DB","Steven Parker",3,"2019-2021","Oklahoma"
"RB","Samaje Perine",9,"2017-2025","Oklahoma"
"DE","Ronnie Perkins",1,"2023-2023","Oklahoma"
"DT","Jordan Phillips",11,"2015-2025","Oklahoma"
"G","Ben Powers",7,"2019-2025","Oklahoma"
"QB","Spencer Rattler",2,"2024-2025","Oklahoma"
"OL","Andrew Raym",1,"2024-2024","Oklahoma"
"DL","Jalen Redmond",2,"2024-2025","Oklahoma"
"FB","Aaron Ripkowski",3,"2015-2017","Oklahoma"
"OL","Tyrese Robinson",1,"2024-2024","Oklahoma"
"OL","Walter Rouse",2,"2024-2025","Oklahoma"
"OL","Dru Samia",2,"2019-2020","Oklahoma"
"CB","Zack Sanchez",1,"2016-2016","Oklahoma"
"WR","Jalen Saunders",1,"2014-2014","Oklahoma"
"K","Austin Seibert",6,"2019-2024","Oklahoma"
"RB","Trey Sermon",5,"2021-2025","Oklahoma"
"WR","Sterling Shepard",10,"2016-2025","Oklahoma"
"T","Donald Stephenson",6,"2012-2017","Oklahoma"
"RB","Rhamondre Stevenson",5,"2021-2025","Oklahoma"
"WR","Kenny Stills",9,"2013-2021","Oklahoma"
"LB","Danny Stutsman",1,"2025-2025","Oklahoma"
"DE","Charles Tapper",1,"2017-2017","Oklahoma"
"FS","Ahmad Thomas",2,"2018-2019","Oklahoma"
"DE","Isaiah Thomas",2,"2022-2024","Oklahoma"
"S","Delarrin Turner-Yell",2,"2022-2023","Oklahoma"
"DT","Casey Walker",2,"2014-2015","Oklahoma"
"P","Tress Way",12,"2014-2025","Oklahoma"
"WR","Dede Westbrook",5,"2017-2021","Oklahoma"
"LB","DaShaun White",1,"2024-2024","Oklahoma"
"QB","Caleb Williams",2,"2024-2025","Oklahoma"
"RB","Damien Williams",9,"2014-2023","Oklahoma"
"OT","Daryl Williams",7,"2015-2021","Oklahoma"
"TE","Brayden Willis",3,"2023-2025","Oklahoma"
"LS","James Winchester",11,"2015-2025","Oklahoma"
"DT","Perrion Winfrey",2,"2022-2023","Oklahoma"
"WR","Michael Woods II",2,"2022-2024","Oklahoma"
"WR","Quincy Adeboyejo",1,"2017-2017","Ole Miss"
"CB","Trey Amos",1,"2025-2025","Ole Miss"
"DE","Ryder Anderson",1,"2022-2022","Ole Miss"
"S","Daijahn Anthony",1,"2024-2024","Ole Miss"
"CB","Miles Battle",2,"2024-2025","Ole Miss"
"RB","Ulysses Bentley",1,"2025-2025","Ole Miss"
"RB","Brandon Bolden",11,"2012-2023","Ole Miss"
"OL","Nick Broeker",2,"2023-2024","Ole Miss"
"WR","A.J. Brown",7,"2019-2025","Ole Miss"
"OL","Ben Brown",3,"2023-2025","Ole Miss"
"DE","Fadol Brown",2,"2018-2019","Ole Miss"
"LB","Chance Campbell",1,"2023-2023","Ole Miss"
"DT","Josiah Coatney",1,"2020-2020","Ole Miss"
"RB","Snoop Conner",1,"2022-2022","Ole Miss"
"WR","Cody Core",4,"2016-2019","Ole Miss"
"QB","Jaxson Dart",1,"2025-2025","Ole Miss"
"DB","Trae Elston",1,"2017-2017","Ole Miss"
"TE","Evan Engram",9,"2017-2025","Ole Miss"
"RB","Zach Evans",1,"2023-2023","Ole Miss"
"S","AJ Finley",2,"2023-2024","Ole Miss"
"LB","DeMarquis Gates",2,"2022-2023","Ole Miss"
"CB","Marshay Green",2,"2011-2012","Ole Miss"
"DL","Woodrow Hamilton",4,"2016-2021","Ole Miss"
"WR","Tre Harris",1,"2025-2025","Ole Miss"
"DB","Myles Hartsfield",3,"2020-2022","Ole Miss"
"OLB","Marquis Haynes",7,"2018-2024","Ole Miss"
"WR","Malik Heath",3,"2023-2025","Ole Miss"
"CB","Mike Hilton",9,"2017-2025","Ole Miss"
"DE","Jared Ivey",1,"2025-2025","Ole Miss"
"WR","Van Jefferson",6,"2020-2025","Ole Miss"
"DE","Cedric Johnson",2,"2024-2025","Ole Miss"
"DT","Benito Jones",5,"2020-2025","Ole Miss"
"DT","D.J. Jones",9,"2017-2025","Ole Miss"
"CB","Derrick Jones",2,"2017-2018","Ole Miss"
"DB","Jaylon Jones",4,"2022-2025","Ole Miss"
"RB","Quinshon Judkins",1,"2025-2025","Ole Miss"
"QB","Chad Kelly",1,"2018-2018","Ole Miss"
"LB","Austin Keys",1,"2025-2025","Ole Miss"
"TE","Dawson Knox",7,"2019-2025","Ole Miss"
"DB","Deane Leonard",3,"2022-2024","Ole Miss"
"OL","Greg Little",3,"2019-2022","Ole Miss"
"T","Bobby Massie",10,"2012-2021","Ole Miss"
"WR","D.K. Metcalf",7,"2019-2025","Ole Miss"
"WR","Jonathan Mingo",2,"2023-2024","Ole Miss"
"WR","Donte Moncrief",7,"2014-2020","Ole Miss"
"DB","A.J. Moore",5,"2018-2022","Ole Miss"
"DB","C.J. Moore",4,"2019-2022","Ole Miss"
"WR","Elijah Moore",5,"2021-2025","Ole Miss"
"G","Royce Newman",4,"2021-2024","Ole Miss"
"DT","Robert Nkemdiche",5,"2016-2021","Ole Miss"
"DT","Walter Nolen",1,"2025-2025","Ole Miss"
"T","Jermey Parnell",8,"2011-2018","Ole Miss"
"OL","Javon Patterson",1,"2020-2020","Ole Miss"
"DT","JJ Pegues",1,"2025-2025","Ole Miss"
"RB","Scottie Phillips",2,"2020-2021","Ole Miss"
"DL","Jerrell Powe",4,"2011-2014","Ole Miss"
"CB","Deantre Prince",1,"2024-2024","Ole Miss"
"S","Otis Reese",2,"2023-2024","Ole Miss"
"DE","Gerald Rivers",1,"2013-2013","Ole Miss"
"LB","Mark Robinson",4,"2022-2025","Ole Miss"
"DE","Tavius Robinson",3,"2023-2025","Ole Miss"
"WR","Braylon Sanders",1,"2022-2022","Ole Miss"
"DB","Keidron Smith",1,"2024-2024","Ole Miss"
"T","Bradley Sowell",8,"2012-2019","Ole Miss"
"DE","Breeland Speaks",1,"2018-2018","Ole Miss"
"DL","Emmanuel Stephens",2,"2011-2012","Ole Miss"
"LB","Carlos Thompson",2,"2015-2017","Ole Miss"
"LB","Patrick Trahan",2,"2011-2012","Ole Miss"
"WR","Laquon Treadwell",10,"2016-2025","Ole Miss"
"OT","Laremy Tunsil",10,"2016-2025","Ole Miss"
"DL","Isaac Ukwu",1,"2024-2024","Ole Miss"
"DE","Princely Umanmielen",1,"2025-2025","Ole Miss"
"DE","Channing Ward",2,"2016-2017","Ole Miss"
"S","Trey Washington",1,"2025-2025","Ole Miss"
"WR","Jordan Watkins",1,"2025-2025","Ole Miss"
"CB","Ken Webster",2,"2019-2020","Ole Miss"
"RB","Jordan Wilkins",5,"2018-2022","Ole Miss"
"OLB","Sam Williams",3,"2022-2025","Ole Miss"
"TE","Kenny Yeboah",4,"2021-2024","Ole Miss"
"TE","Jerell Adams",3,"2016-2019","South Carolina"
"TE","Nate Adkins",3,"2023-2025","South Carolina"
"SS","Antonio Allen",4,"2012-2016","South Carolina"
"G","Zack Bailey",2,"2022-2024","South Carolina"
"TE","Jaheim Bell",1,"2024-2024","South Carolina"
"WR","K.J. Brent",1,"2017-2017","South Carolina"
"WR","Jalen Brooks",3,"2023-2025","South Carolina"
"LB","T.J. Brunson",1,"2020-2020","South Carolina"
"DE","Jordan Burch",1,"2025-2025","South Carolina"
"WR","Damiere Byrd",8,"2016-2023","South Carolina"
"WR","Dalevon Campbell",1,"2025-2025","South Carolina"
"OG","A.J. Cann",8,"2015-2022","South Carolina"
"P","Joseph Charlton",2,"2020-2021","South Carolina"
"DE","Jadeveon Clowney",12,"2014-2025","South Carolina"
"WR","Pharoh Cooper",7,"2016-2022","South Carolina"
"DB","Chris Culliver",4,"2011-2015","South Carolina"
"TE","Justice Cunningham",2,"2013-2015","South Carolina"
"G-T","Dennis Daley",5,"2019-2023","South Carolina"
"RB","Mike Davis",8,"2015-2022","South Carolina"
"DB","Marcellas Dial",1,"2024-2024","South Carolina"
"FB","Patrick DiMarco",8,"2012-2019","South Carolina"
"RB","Rico Dowdle",5,"2020-2025","South Carolina"
"WR","Bryan Edwards",3,"2020-2022","South Carolina"
"WR","Bruce Ellington",4,"2014-2018","South Carolina"
"SAF","Nick Emmanwori",1,"2025-2025","South Carolina"
"DE","Kingsley Enagbare",4,"2022-2025","South Carolina"
"RB","Tavien Feaster",1,"2021-2021","South Carolina"
"CB","Rashad Fenton",4,"2019-2022","South Carolina"
"K","Elliott Fry",2,"2020-2021","South Carolina"
"CB","Stephon Gilmore",13,"2012-2024","South Carolina"
"WR","Tori Gurley",1,"2013-2013","South Carolina"
"OL","Jovaughn Gwyn",3,"2023-2025","South Carolina"
"RB","Kevin Harris",2,"2022-2023","South Carolina"
"DT","Tonka Hemingway",1,"2025-2025","South Carolina"
"OLB","DeVonte Holloman",1,"2013-2013","South Carolina"
"DB","Jaycee Horn",5,"2021-2025","South Carolina"
"TE","Hayden Hurst",7,"2018-2024","South Carolina"
"DE","Melvin Ingram",12,"2012-2023","South Carolina"
"C","Lemuel Jeanpierre",5,"2011-2015","South Carolina"
"WR","Alshon Jeffery",9,"2012-2020","South Carolina"
"TE","E.J. Jenkins",2,"2024-2025","South Carolina"
"S","Isaiah Johnson",2,"2017-2018","South Carolina"
"C","T.J. Johnson",4,"2014-2017","South Carolina"
"LB","Ernest Jones",5,"2021-2025","South Carolina"
"DE","Kyle Kennard",1,"2025-2025","South Carolina"
"T","Jarriel King",1,"2011-2011","South Carolina"
"DL","Javon Kinlaw",6,"2020-2025","South Carolina"
"LB","Demetrius Knight",1,"2025-2025","South Carolina"
"P","Kai Kroeger",1,"2025-2025","South Carolina"
"DB","Chris Lammons",7,"2019-2025","South Carolina"
"P","Spencer Lanning",3,"2013-2015","South Carolina"
"WR","Gage Larvadain",1,"2025-2025","South Carolina"
"G","Vershon Lee",1,"2025-2025","South Carolina"
"WR","Xavier Legette",2,"2024-2025","South Carolina"
"RB","MarShawn Lloyd",1,"2024-2024","South Carolina"
"LB","Bam Martin-Scott",1,"2025-2025","South Carolina"
"DL","Cliff Matthews",4,"2012-2016","South Carolina"
"RB","Dante Miller",1,"2024-2024","South Carolina"
"OLB","Skai Moore",2,"2018-2019","South Carolina"
"DB","Israel Mukuamu",4,"2021-2024","South Carolina"
"TE","Nick Muse",3,"2022-2024","South Carolina"
"CB","Keisean Nixon",7,"2019-2025","South Carolina"
"DL","Zacch Pickens",2,"2023-2024","South Carolina"
"RB","Adam Prentice",5,"2021-2025","South Carolina"
"DT","Kelcy Quarles",1,"2014-2014","South Carolina"
"QB","Spencer Rattler",2,"2024-2025","South Carolina"
"DT","Travian Robertson",3,"2012-2014","South Carolina"
"OT","Corey Robinson",4,"2015-2018","South Carolina"
"DB","Jammie Robinson",2,"2023-2024","South Carolina"
"DB","Darius Rush",2,"2023-2024","South Carolina"
"WR","Deebo Samuel",7,"2019-2025","South Carolina"
"WR","Ace Sanders",2,"2013-2014","South Carolina"
"RB","Raheim Sanders",1,"2025-2025","South Carolina"
"DT","T.J. Sanders",1,"2025-2025","South Carolina"
"TE","Weslye Saunders",4,"2011-2014","South Carolina"
"QB","Connor Shaw",1,"2014-2014","South Carolina"
"OT","Brandon Shell",7,"2016-2022","South Carolina"
"OG","Torricelli Simpkins",1,"2025-2025","South Carolina"
"DB","Cam Smith",2,"2023-2024","South Carolina"
"WR","Shi Smith",2,"2021-2022","South Carolina"
"DT","Taylor Stallworth",6,"2018-2023","South Carolina"
"FS","D.J. Swearinger",8,"2013-2020","South Carolina"
"DE","Devin Taylor",5,"2013-2017","South Carolina"
"OLB","Keir Thomas",3,"2022-2024","South Carolina"
"OT","Rokevious Watkins",2,"2012-2013","South Carolina"
"RB","Brandon Wilds",2,"2016-2018","South Carolina"
"RB","David Williams",1,"2018-2018","South Carolina"
"RB","Ty'Son Williams",2,"2021-2022","South Carolina"
"DL","D.J. Wonnum",6,"2020-2025","South Carolina"
"S","Micah Abernathy",3,"2022-2024","Tennessee"
"DE","Derek Barnett",9,"2017-2025","Tennessee"
"DE","Tyler Baron",1,"2025-2025","Tennessee"
"QB","Tyler Bray",2,"2017-2020","Tennessee"
"DT","Matthew Butler",4,"2022-2025","Tennessee"
"WR","Marquez Callaway",5,"2020-2024","Tennessee"
"RB","Ty Chandler",4,"2022-2025","Tennessee"
"CB","Justin Coleman",8,"2015-2022","Tennessee"
"TE","Jason Croom",2,"2018-2020","Tennessee"
"P","Trevor Daniel",3,"2018-2020","Tennessee"
"P","Matt Darr",3,"2015-2018","Tennessee"
"QB","Joshua Dobbs",6,"2018-2025","Tennessee"
"TE","Alex Ellis",3,"2016-2019","Tennessee"
"TE","Princeton Fant",3,"2023-2025","Tennessee"
"OG","Zach Fulton",7,"2014-2020","Tennessee"
"CB","Rashaan Gaulden",3,"2018-2020","Tennessee"
"RB","Eric Gray",2,"2023-2024","Tennessee"
"DB","Kamal Hadden",2,"2024-2025","Tennessee"
"RB","Montario Hardesty",2,"2011-2012","Tennessee"
"QB","Hendon Hooker",1,"2024-2024","Tennessee"
"WR","Justin Hunter",6,"2013-2018","Tennessee"
"WR","Jalin Hyatt",3,"2023-2025","Tennessee"
"DT","Malik Jackson",10,"2012-2021","Tennessee"
"DB","Theo Jackson",4,"2022-2025","Tennessee"
"OT","Ja'Wuan James",7,"2014-2022","Tennessee"
"WR","Jauan Jennings",5,"2021-2025","Tennessee"
"CB","Gabe Jeudy-Lally",1,"2024-2024","Tennessee"
"LB","Alexander Johnson",5,"2018-2022","Tennessee"
"FB","Austin Johnson",3,"2014-2016","Tennessee"
"WR","Brandon Johnson",3,"2022-2024","Tennessee"
"FB","Jakob Johnson",7,"2019-2025","Tennessee"
"WR","Velus Jones Jr.",4,"2022-2025","Tennessee"
"RB","Alvin Kamara",9,"2017-2025","Tennessee"
"RB","John Kelly",6,"2018-2024","Tennessee"
"WR","Ramel Keyton",1,"2024-2024","Tennessee"
"DE","Jonathan Kongbo",1,"2022-2022","Tennessee"
"LB","LaTroy Lewis",1,"2017-2017","Tennessee"
"OLB","Curt Maggitt",1,"2016-2016","Tennessee"
"WR","Josh Malone",4,"2017-2020","Tennessee"
"OL","Cade Mays",4,"2022-2025","Tennessee"
"DB","Jaylen McCollough",2,"2024-2025","Tennessee"
"DT","Daniel McCullers",7,"2014-2020","Tennessee"
"DT","Kahlil McKenzie",2,"2020-2021","Tennessee"
"WR","Bub Means",1,"2024-2024","Tennessee"
"QB","Joe Milton",2,"2024-2025","Tennessee"
"WR","Denarius Moore",5,"2011-2015","Tennessee"
"OL","Wanya Morris",3,"2023-2025","Tennessee"
"CB","Emmanuel Moseley",7,"2018-2024","Tennessee"
"DT","Omarr Norman-Lott",1,"2025-2025","Tennessee"
"P","Michael Palardy",7,"2016-2024","Tennessee"
"WR","Josh Palmer",5,"2021-2025","Tennessee"
"WR-RB","Cordarrelle Patterson",12,"2013-2024","Tennessee"
"DE","James Pearce",1,"2025-2025","Tennessee"
"QB","Nathan Peterman",6,"2017-2023","Tennessee"
"DL","Jordan Phillips",1,"2025-2025","Tennessee"
"DL","Kyle Phillips",4,"2019-2023","Tennessee"
"RB","Tauren Poole",1,"2014-2014","Tennessee"
"OLB","Jalen Reeves-Maybin",8,"2017-2024","Tennessee"
"TE","Mychal Rivera",4,"2013-2016","Tennessee"
"RB","Dylan Sampson",1,"2025-2025","Tennessee"
"T","Chris Scott",5,"2011-2016","Tennessee"
"DL","Elijah Simmons",1,"2025-2025","Tennessee"
"QB","Matt Simms",2,"2013-2014","Tennessee"
"TE","Lee Smith",11,"2011-2021","Tennessee"
"G","Trey Smith",5,"2021-2025","Tennessee"
"TE","Luke Stocker",11,"2011-2021","Tennessee"
"C","James Stone",3,"2014-2017","Tennessee"
"CB","Cameron Sutton",8,"2017-2024","Tennessee"
"DB","Alontae Taylor",4,"2022-2025","Tennessee"
"LB","Darrell Taylor",5,"2021-2025","Tennessee"
"OT","Dallas Thomas",4,"2013-2016","Tennessee"
"DB","Bryce Thompson",2,"2021-2022","Tennessee"
"WR","Dont'e Thornton",1,"2025-2025","Tennessee"
"WR","Cedric Tillman",3,"2023-2025","Tennessee"
"LB","Henry To'oTo'o",3,"2023-2025","Tennessee"
"DL","Shy Tuttle",7,"2019-2025","Tennessee"
"DE","Kendal Vickers",5,"2020-2024","Tennessee"
"DB","Nigel Warrior",1,"2021-2021","Tennessee"
"CB","Dee Williams",1,"2024-2024","Tennessee"
"DE","Jordan Williams",2,"2015-2017","Tennessee"
"TE","Ethan Wolf",1,"2021-2021","Tennessee"
"OL","Darnell Wright",3,"2023-2025","Tennessee"
"RB","Jaylen Wright",2,"2024-2025","Tennessee"
"LB","Byron Young",3,"2023-2025","Tennessee"
"RB","De'Von Achane",3,"2023-2025","Texas A&M"
"LB","Otaro Alaka",1,"2020-2020","Texas A&M"
"QB","Kyle Allen",8,"2018-2025","Texas A&M"
"DE","Ben Bass",1,"2012-2012","Texas A&M"
"K","Taylor Bertolet",1,"2022-2022","Texas A&M"
"DT","Bobby Brown",5,"2021-2025","Texas A&M"
"K","Randy Bullock",11,"2013-2023","Texas A&M"
"HB","Tra Carson",2,"2018-2019","Texas A&M"
"DT","Micheal Clemons",4,"2022-2025","Texas A&M"
"LB","Edgerrin Cooper",2,"2024-2025","Texas A&M"
"RB","Jashaun Corbin",1,"2023-2023","Texas A&M"
"TE","Baylor Cupp",1,"2024-2024","Texas A&M"
"DE","Fadil Diggs",1,"2025-2025","Texas A&M"
"OLB","Tyrel Dodson",6,"2020-2025","Texas A&M"
"OG","Jermaine Eluemunor",9,"2017-2025","Texas A&M"
"S","Justin Evans",4,"2017-2023","Texas A&M"
"WR","Mike Evans",12,"2014-2025","Texas A&M"
"CB","Deshazor Everett",7,"2015-2021","Texas A&M"
"RB","Keith Ford",1,"2018-2018","Texas A&M"
"CB","Terrence Frederick",2,"2012-2014","Texas A&M"
"DE","Myles Garrett",9,"2017-2025","Texas A&M"
"RB","Cullen Gillaspia",4,"2019-2022","Texas A&M"
"RB","Cyrus Gray",3,"2012-2014","Texas A&M"
"OL","Kenyon Green",2,"2022-2024","Texas A&M"
"DE","Daeshon Hall",3,"2017-2019","Texas A&M"
"DB","De'Vante Harris",3,"2016-2018","Texas A&M"
"OT","Germain Ifedi",8,"2016-2024","Texas A&M"
"DL","McKinnley Jackson",2,"2024-2025","Texas A&M"
"DB","Tramain Jacobs",2,"2014-2015","Texas A&M"
"DT","Tony Jerod-Eddie",5,"2012-2016","Texas A&M"
"OT","Luke Joeckel",5,"2013-2017","Texas A&M"
"DB","Antonio Johnson",3,"2023-2025","Texas A&M"
"LB","Buddy Johnson",4,"2021-2025","Texas A&M"
"DB","Jaylon Jones",3,"2023-2025","Texas A&M"
"P","Drew Kaser",3,"2016-2018","Texas A&M"
"DL","Kingsley Keke",3,"2019-2021","Texas A&M"
"RB","Jacob Kibodi",1,"2024-2024","Texas A&M"
"WR","Christian Kirk",8,"2018-2025","Texas A&M"
"K","Josh Lambo",8,"2015-2022","Texas A&M"
"FB","Jorvorskie Lane",3,"2012-2015","Texas A&M"
"DT","DeMarvin Leal",4,"2022-2025","Texas A&M"
"C","Patrick Lewis",3,"2014-2016","Texas A&M"
"DL","Daylon Mack",1,"2019-2019","Texas A&M"
"DL","Nnamdi Madubuike",6,"2020-2025","Texas A&M"
"P","Braden Mann",6,"2020-2025","Texas A&M"
"QB","Johnny Manziel",2,"2014-2015","Texas A&M"
"G","Koda Martin",1,"2021-2021","Texas A&M"
"OT","Jake Matthews",12,"2014-2025","Texas A&M"
"OL","Ryan McCollum",3,"2021-2025","Texas A&M"
"C","Erik McCoy",7,"2019-2025","Texas A&M"
"TE","Jamie McCoy",1,"2012-2012","Texas A&M"
"WR","Kirk Merritt",4,"2020-2023","Texas A&M"
"RB","Christine Michael",5,"2013-2018","Texas A&M"
"LB","Von Miller",14,"2011-2025","Texas A&M"
"QB","Kellen Mond",1,"2021-2021","Texas A&M"
"DE","Damontre Moore",8,"2013-2020","Texas A&M"
"T","Dan Moore",5,"2021-2025","Texas A&M"
"QB","Kyler Murray",7,"2019-2025","Texas A&M"
"DT","Walter Nolen",1,"2025-2025","Texas A&M"
"OT","Cedric Ogbuehi",8,"2015-2022","Texas A&M"
"DT","Jayden Peevy",3,"2022-2024","Texas A&M"
"OLB","Sean Porter",2,"2014-2016","Texas A&M"
"RB","Deneric Prince",1,"2023-2023","Texas A&M"
"WR","Damion Ratley",3,"2018-2020","Texas A&M"
"WR","Josh Reynolds",9,"2017-2025","Texas A&M"
"S","Demani Richardson",2,"2024-2025","Texas A&M"
"OL","Layden Robinson",1,"2024-2024","Texas A&M"
"DE","Nic Scourton",1,"2025-2025","Texas A&M"
"WR","Ricky Seals-Jones",5,"2017-2021","Texas A&M"
"WR","Ainias Smith",1,"2024-2024","Texas A&M"
"RB","Isaiah Spiller",2,"2022-2023","Texas A&M"
"TE","Jace Sternberger",2,"2019-2020","Texas A&M"
"DE","Shemar Stewart",1,"2025-2025","Texas A&M"
"G","Keaton Sutherland",3,"2019-2021","Texas A&M"
"QB","Ryan Tannehill",11,"2012-2023","Texas A&M"
"DB","Steven Terrell",4,"2014-2017","Texas A&M"
"DE","Shemar Turner",1,"2025-2025","Texas A&M"
"WR","Jahdae Walker",1,"2025-2025","Texas A&M"
"FS","Armani Watts",4,"2018-2021","Texas A&M"
"CB","Brandon Williams",4,"2016-2020","Texas A&M"
"RB","Trayveon Williams",6,"2019-2024","Texas A&M"
"RB","Trey Williams",1,"2015-2015","Texas A&M"
"S","Donovan Wilson",7,"2019-2025","Texas A&M"
"OLB","Tyree Wilson",3,"2023-2025","Texas A&M"
"OLB","Emmanuel Acho",2,"2013-2014","Texas"
"OLB","Sam Acho",9,"2011-2019","Texas"
"T","Calvin Anderson",6,"2020-2025","Texas"
"OL","Kelvin Banks",1,"2025-2025","Texas"
"CB","Jahdae Barron",1,"2025-2025","Texas"
"TE","Andrew Beck",7,"2019-2025","Texas"
"WR","Tarik Black",1,"2021-2021","Texas"
"RB","Jaydon Blue",1,"2025-2025","Texas"
"WR","Isaiah Bond",1,"2025-2025","Texas"
"CB","Kris Boyd",6,"2019-2024","Texas"
"RB","Jonathon Brooks",1,"2024-2024","Texas"
"DT","Vernon Broughton",1,"2025-2025","Texas"
"DB","Chykie Brown",5,"2011-2016","Texas"
"DB","Curtis Brown",3,"2011-2013","Texas"
"RB","Malcolm Brown",8,"2015-2022","Texas"
"DT","Malcom Brown",7,"2015-2021","Texas"
"CB","Carrington Byndom",1,"2014-2014","Texas"
"DT","Keondre Coburn",2,"2023-2024","Texas"
"DT","Alfred Collins",1,"2025-2025","Texas"
"T","Samuel Cosmi",5,"2021-2025","Texas"
"S","Kitan Crawford",1,"2025-2025","Texas"
"K","Cameron Dicker",4,"2022-2025","Texas"
"P","Michael Dickson",8,"2018-2025","Texas"
"DB","Quandre Diggs",11,"2015-2025","Texas"
"WR","Devin Duvernay",6,"2020-2025","Texas"
"QB","Sam Ehlinger",3,"2021-2023","Texas"
"SS","DeShon Elliott",7,"2019-2025","Texas"
"DL","Jordan Elliott",6,"2020-2025","Texas"
"QB","Quinn Ewers",1,"2025-2025","Texas"
"LB","Jaylan Ford",2,"2024-2025","Texas"
"DT","Poona Ford",8,"2018-2025","Texas"
"RB","D'Onta Foreman",7,"2017-2024","Texas"
"QB","Garrett Gilbert",4,"2018-2021","Texas"
"WR","Matthew Golden",1,"2025-2025","Texas"
"WR","Marquise Goodwin",10,"2013-2023","Texas"
"DL","Ta'Quon Graham",5,"2021-2025","Texas"
"G","Donald Hawkins",2,"2014-2016","Texas"
"TE","Gunnar Helm",1,"2025-2025","Texas"
"OLB","Jordan Hicks",10,"2015-2024","Texas"
"CB","Holton Hill",3,"2018-2020","Texas"
"G","Trey Hopkins",6,"2016-2021","Texas"
"WR","Lil'Jordan Humphrey",7,"2019-2025","Texas"
"RB","Keaontay Ingram",3,"2022-2024","Texas"
"DB","D'Shawn Jamison",1,"2023-2023","Texas"
"DE","Jackson Jeffcoat",2,"2014-2015","Texas"
"OLB","Malik Jefferson",5,"2018-2023","Texas"
"WR","Collin Johnson",4,"2020-2024","Texas"
"WR","Marcus Johnson",6,"2017-2022","Texas"
"RB","Roschon Johnson",3,"2023-2025","Texas"
"S","Brandon Jones",6,"2020-2025","Texas"
"OL","Christian Jones",1,"2024-2024","Texas"
"DE","Eddie Jones",1,"2011-2011","Texas"
"LB","Sergio Kindle",2,"2011-2012","Texas"
"DB","P.J. Locke",6,"2020-2025","Texas"
"P","Richmond McGee",1,"2011-2011","Texas"
"WR","Adonai Mitchell",2,"2024-2025","Texas"
"SAF","Andrew Mukuba",1,"2025-2025","Texas"
"DL","Byron Murphy",2,"2024-2025","Texas"
"K","Chris Naggar",1,"2021-2021","Texas"
"DE","Moro Ojomo",3,"2023-2025","Texas"
"DE","Alex Okafor",9,"2013-2021","Texas"
"DL","Charles Omenihu",7,"2019-2025","Texas"
"LB","Joseph Ossai",4,"2022-2025","Texas"
"LB","DeMarvion Overshown",1,"2024-2024","Texas"
"DB","Tyler Owens",2,"2024-2025","Texas"
"OT","Kent Perkins",1,"2017-2017","Texas"
"DB","Adrian Phillips",10,"2014-2023","Texas"
"DT","Kheeston Randall",1,"2012-2012","Texas"
"DT","Hassan Ridgeway",8,"2016-2023","Texas"
"DT","Malcolm Roach",6,"2020-2025","Texas"
"RB","Bijan Robinson",3,"2023-2025","Texas"
"OLB","Keenan Robinson",5,"2012-2017","Texas"
"RB","Keilan Robinson",1,"2024-2024","Texas"
"K","Nick Rose",2,"2017-2018","Texas"
"TE","Ja'Tavion Sanders",2,"2024-2025","Texas"
"DB","Brenden Schooler",4,"2022-2025","Texas"
"C","David Snow",1,"2012-2012","Texas"
"DE","Barryn Sorrell",1,"2025-2025","Texas"
"DB","Caden Sterns",3,"2021-2023","Texas"
"TE","Geoff Swaim",10,"2015-2024","Texas"
"DT","T'Vondre Sweat",2,"2024-2025","Texas"
"TE","Tyrone Swoopes",3,"2017-2019","Texas"
"DB","Josh Thompson",1,"2022-2022","Texas"
"S","Mykkele Thompson",1,"2016-2016","Texas"
"K","Justin Tucker",13,"2012-2024","Texas"
"FS","Kenny Vaccaro",8,"2013-2020","Texas"
"RB","Fozzy Whittaker",5,"2013-2017","Texas"
"WR","Jordan Whittington",2,"2024-2025","Texas"
"TE","Jared Wiley",1,"2024-2024","Texas"
"DB","Aaron Williams",6,"2011-2016","Texas"
"OT","Connor Williams",7,"2018-2024","Texas"
"WR","Xavier Worthy",2,"2024-2025","Texas"
"LS","Julian Ashby",1,"2025-2025","Vanderbilt"
"TE","Brandon Barden",1,"2012-2012","Vanderbilt"
"RB","Khari Blasingame",6,"2019-2024","Vanderbilt"
"ILB","Oren Burks",8,"2018-2025","Vanderbilt"
"DT","Adam Butler",8,"2017-2025","Vanderbilt"
"T","Devin Cochran",1,"2024-2024","Vanderbilt"
"OLB","Zach Cunningham",9,"2017-2025","Vanderbilt"
"RB","Ray Davis",2,"2024-2025","Vanderbilt"
"LS","Andrew East",1,"2018-2018","Vanderbilt"
"CB","Allan George",1,"2022-2022","Vanderbilt"
"CB","Andre Hal",5,"2014-2018","Vanderbilt"
"P","Matthew Hayball",1,"2024-2024","Vanderbilt"
"DB","Casey Hayward",11,"2012-2022","Vanderbilt"
"CB","Tre Herndon",7,"2018-2024","Vanderbilt"
"OT","Will Holden",4,"2017-2021","Vanderbilt"
"CB","Gabe Jeudy-Lally",1,"2024-2024","Vanderbilt"
"OT","Wesley Johnson",4,"2015-2018","Vanderbilt"
"WR","Jonathan Krause",1,"2015-2015","Vanderbilt"
"FS","Kenny Ladler",3,"2014-2019","Vanderbilt"
"S","Jaylen Mahoney",1,"2024-2024","Vanderbilt"
"WR","Jordan Matthews",10,"2014-2024","Vanderbilt"
"OLB","Andre Mintze",1,"2021-2021","Vanderbilt"
"DL","Dayo Odeyingbo",5,"2021-2025","Vanderbilt"
"LB","Anfernee Orji",1,"2024-2024","Vanderbilt"
"TE","Jared Pinkney",2,"2021-2022","Vanderbilt"
"C","Spencer Pulley",4,"2016-2019","Vanderbilt"
"S","Sean Richardson",4,"2012-2015","Vanderbilt"
"G","Ryan Seymour",2,"2014-2016","Vanderbilt"
"WR","Trent Sherfield",8,"2018-2025","Vanderbilt"
"OT","Justin Skule",6,"2019-2025","Vanderbilt"
"LB","Emmanuel Smith",1,"2020-2020","Vanderbilt"
"RB","Zac Stacy",3,"2013-2015","Vanderbilt"
"OL","Tyler Steen",3,"2023-2025","Vanderbilt"
"RB","Ke'Shawn Vaughn",5,"2020-2024","Vanderbilt"
"OLB","Stephen Weatherly",6,"2016-2021","Vanderbilt"
"T","Thomas Welch",3,"2011-2013","Vanderbilt"
"CB","Joejuan Williams",4,"2019-2023","Vanderbilt"
"DE","Jonathan Wynn",1,"2019-2019","Vanderbilt"
